1,家具選購三原則：符合風格、尺寸、預算,"
<h2>家具選購三原則：符合風格、尺寸、預算</h2>
<p>挑選家具前先確認這三大方向，就能少花冤枉錢，買到真正適合自己的理想家具。</p>
<h3>風格一致是視覺加分關鍵</h3>
<p>現代、鄉村、工業風不能混搭太雜，否則容易顯亂。</p>
<h3>量好尺寸避免買錯</h3>
<p>記得測量空間與門寬，避免家具進不了門。</p>
<h3>控制預算，理性挑選</h3>
<p>設定總預算後依優先級分配，沙發與床可多投資，其他可簡約選擇。</p>
",4,2024-05-03 10:12:45,2024-05-03 12:38:11,2024-05-03 13:05:27,1
1,居家改造入門：3 種家具讓空間煥然一新,"
<h2>居家改造入門：3 種家具讓空間煥然一新</h2>
<p>不必全面裝潢，只需替換幾件關鍵家具，就能讓空間呈現全新氛圍。這三項家具最值得優先考慮。</p>
<h3>換張風格沙發</h3>
<p>是客廳最明顯的視覺焦點，風格一換，氣氛全變。</p>
<h3>更換燈具與邊櫃</h3>
<p>吊燈與角落櫃能快速提升空間設計感。</p>
<h3>地毯也是重點之一</h3>
<p>可用來區隔區域，也能增添溫度與層次。</p>
",4,2024-05-08 09:45:22,2024-05-08 10:11:40,2024-05-08 11:02:18,1
1,打造親子共融空間：家具安全與創意兼顧,"
<h2>打造親子共融空間：家具安全與創意兼顧</h2>
<p>育兒空間不只要安全，更要有助於親子互動與孩子發展。選擇適當家具，讓家成為最好的成長環境。</p>
<h3>柔軟圓角設計最安心</h3>
<p>避免尖角與玻璃材質，選用環保無毒材質。</p>
<h3>多功能學習桌椅</h3>
<p>可調高度與可變模式設計，陪伴孩子不同成長階段。</p>
<h3>收納與遊戲結合</h3>
<p>玩具櫃、地墊、帳篷等可融入遊戲角落。</p>
",4,2024-05-15 15:33:00,2024-05-15 17:01:53,2024-05-15 18:29:12,1
1,家具也能模組化？彈性設計讓生活更自由,"
<h2>家具也能模組化？彈性設計讓生活更自由</h2>
<p>現代家具設計趨勢講求彈性與機動性。模組化家具讓使用者可依空間與需求自由組合，打造專屬風格。</p>
<h3>模組沙發自由擴充</h3>
<p>可變成 L 型、雙人或單人形式，因應不同場合。</p>
<h3>櫃體結合收納與桌面</h3>
<p>一體式模組設計讓工作與休憩兼顧。</p>
<h3>方便搬遷與重組</h3>
<p>特別適合租屋族或喜歡經常變換佈置者。</p>",5,2024-05-21 11:25:56,2024-05-21 13:10:29,2024-05-21 13:55:04,1
1,風格混搭不出錯：掌握家具選搭三技巧,"
<h2>風格混搭不出錯：掌握家具選搭三技巧</h2>
<p>現代人喜歡個性風格，但混搭容易出錯。學會三個原則，就能在風格中找到平衡點。</p>
<h3>選定一個主軸風格</h3>
<p>可加入異材質家具，但不偏離主風格主調。</p>
<h3>控制顏色數量</h3>
<p>建議全屋以三種色系為主，避免雜亂感。</p>
<h3>線條與比例協調</h3>
<p>粗細對比、材質冷暖需注意，避免風格衝突。</p>",1,2024-05-29 08:48:37,2024-05-29 09:36:50,2024-05-29 10:09:33,1
1,租屋必備家具清單：CP 值最高的 5 項推薦,"
<h2>租屋必備家具清單：CP 值最高的 5 項推薦</h2>
<p>搬進新租屋處，應該先準備哪些家具最實用？這五項 CP 值最高、實用又耐用的家具是你的首選！</p>
<h3>收納型床架</h3>
<p>結合床底抽屜的設計讓空間變大。</p>
<h3>摺疊桌椅</h3>
<p>可隨時收起，適合有限空間。</p>
<h3>可移動層架</h3>
<p>廚房、書房、臥室皆適用。</p>
<h3>輕型沙發床</h3>
<p>兼顧休息與待客需求。</p>
<h3>多功能衣櫃</h3>
<p>可拆組與可搬運性高。</p>",2,2024-06-02 14:10:45,2024-06-02 15:07:59,2024-06-02 15:35:22,1
1,租屋必備家具清單：CP 值最高的 5 項推薦,"
<h2>租屋必備家具清單：CP 值最高的 5 項推薦</h2>
<p>搬進新租屋處，應該先準備哪些家具最實用？這五項 CP 值最高、實用又耐用的家具是你的首選！</p>
<h3>收納型床架</h3>
<p>結合床底抽屜的設計讓空間變大。</p>
<h3>摺疊桌椅</h3>
<p>可隨時收起，適合有限空間。</p>
<h3>可移動層架</h3>
<p>廚房、書房、臥室皆適用。</p>
<h3>輕型沙發床</h3>
<p>兼顧休息與待客需求。</p>
<h3>多功能衣櫃</h3>
<p>可拆組與可搬運性高。</p>",2,2024-06-08 10:01:12,2024-06-08 11:19:48,2024-06-08 11:45:33,1
1,現代極簡風：家具減法哲學讓空間更寬敞,"
<h2>現代極簡風：家具減法哲學讓空間更寬敞</h2>
<p>現代人越來越重視空間感與生活簡單。極簡風不等於冷清，而是更有條理與美感的生活方式。</p>
<h3>家具設計要簡潔</h3>
<p>避免過多雕花與繁複線條，重視功能與比例。</p>
<h3>材質統一性高</h3>
<p>例如淺木＋白鐵、不鏽鋼＋玻璃，營造俐落感。</p>
<h3>重視留白與空間留設</h3>
<p>減少不必要物品，創造心理與視覺寬敞感。</p>",1,2024-06-14 09:32:00,2024-06-14 10:22:17,2024-06-14 11:00:03,1
1,角落變主角：小邊桌的實用與設計兼顧,"
<h2>角落變主角：小邊桌的實用與設計兼顧</h2>
<p>邊桌雖然小巧，卻能扮演起整體空間的點綴角色。選擇對的邊桌，不但實用，還能提升居家質感。</p>
<h3>造型邊桌可成為視覺焦點</h3>
<p>圓形、幾何造型或金屬設計皆可吸引目光。</p>
<h3>具收納功能更便利</h3>
<p>帶有抽屜或置物層的邊桌可提升使用率。</p>
<h3>靈活移動擺放彈性高</h3>
<p>可依情境放置於沙發側、床邊或玄關處。</p>",5,2024-06-20 16:44:23,2024-06-20 17:29:55,2024-06-20 18:12:48,1
1,中島吧台家具選購指南：打造料理與交流的核心地帶,"
<h2>中島吧台家具選購指南：打造料理與交流的核心地帶</h2>
<p>中島吧台結合料理、收納與社交，是現代廚房設計的焦點。該怎麼選才能兼顧實用與美觀？</p>
<h3>選擇合適的高度</h3>
<p>搭配高腳椅使用，建議檯面高度約 90~100 公分。</p>
<h3>耐刮材質最重要</h3>
<p>石英石或不鏽鋼檯面耐熱又好清潔。</p>
<h3>結合收納更實用</h3>
<p>底部抽屜、櫃體可放鍋碗或電器，提升空間效能。</p>",1,2024-06-27 13:18:09,2024-06-27 14:07:43,2024-06-27 14:50:25,1
1,地毯與家具的搭配法則：營造溫度與層次感,"
<h2>地毯與家具的搭配法則：營造溫度與層次感</h2>
<p>地毯是打造居家氛圍的秘密武器。搭配對了，空間立即升級。讓我們一起掌握地毯與家具的搭配技巧！</p>
<h3>選擇地毯尺寸</h3>
<p>沙發區建議地毯能涵蓋前腳或整組家具下方。</p>
<h3>顏色呼應家具主色</h3>
<p>可使用深淺或花紋做呼應與區隔。</p>
<h3>質感與觸感也重要</h3>
<p>棉質、羊毛或短絨地毯適合客廳與臥室使用。</p>",4,2024-07-08 08:39:23,2024-07-10 09:40:18,2024-07-13 08:41:26,1
1,電腦桌椅推薦：兼顧人體工學與視覺風格,"
<h2>電腦桌椅推薦：兼顧人體工學與視覺風格</h2>
<p>長時間使用電腦，選對桌椅關乎健康與效率。了解這些要點，讓工作與遊戲都更舒適！</p>
<h3>桌面要夠深夠穩</h3>
<p>建議至少 60 公分深，能放螢幕與鍵盤。</p>
<h3>椅子需支撐腰背</h3>
<p>有扶手、可調整高度與傾角最理想。</p>
<h3>搭配收納抽屜或立櫃</h3>
<p>讓桌面保持整潔，提高專注力。</p>
",4,2024-07-09 02:30:52,2024-07-12 02:01:48,2024-07-15 13:05:12,1
1,牆面收納好幫手：層架與壁掛櫃設計靈感,"
<h2>牆面收納好幫手：層架與壁掛櫃設計靈感</h2>
<p>活用牆面空間不僅能增加收納量，還能成為居家佈置的一部分。以下是實用又美觀的牆面收納靈感！</p>
<h3>L 型層架簡潔實用</h3>
<p>適合書房、臥室，能放書、盆栽或展示品。</p>
<h3>壁掛式收納櫃節省地面空間</h3>
<p>浴室與玄關最適合使用，能收納雜物不佔地。</p>
<h3>使用分區設計提升整齊度</h3>
<p>層板大小、高低錯落讓收納視覺更具層次。</p>
",2,2024-07-11 23:56:05,2024-07-13 17:09:27,2024-07-16 12:13:53,1
1,浴室家具選購指南：防水與收納一樣重要,"
<h2>浴室家具選購指南：防水與收納一樣重要</h2>
<p>潮濕空間下，家具材質與設計需特別留意。選購時把握防水性與收納效率，打造乾淨清爽的浴室空間。</p>
<h3>選用防潮材質</h3>
<p>PVC、金屬、塑鋼皆比木材耐用。</p>
<h3>善用垂直空間</h3>
<p>鏡櫃、壁掛式收納架是小浴室首選。</p>
<h3>保持簡約風格好清理</h3>
<p>避免複雜結構與縫隙，減少藏汙納垢。</p>
",2,2024-07-18 10:35:08,2024-07-22 06:00:25,2024-07-24 13:23:40,1
1,戶外露台家具提案：享受陽光與悠閒,"
<h2>戶外露台家具提案：享受陽光與悠閒</h2>
<p>打造一個舒適的露台空間，可以是早餐角落，也可以是下班後的放鬆天地。這些家具選擇值得參考。</p>
<h3>選擇耐候材質</h3>
<p>鋁合金、PE藤編、塑木皆可長時間戶外擺放。</p>
<h3>搭配可摺疊桌椅</h3>
<p>可靈活調整位置，收納也方便。</p>
<h3>加入戶外地毯與燈飾</h3>
<p>營造氛圍感，提升戶外生活品質。</p>
",5,2024-07-25 09:31:56,2024-07-26 15:00:27,2024-07-29 07:47:01,1
1,沙發怎麼選？布沙發 vs 皮沙發一次解析,"
<h2>沙發怎麼選？布沙發 vs 皮沙發一次解析</h2>
<p>沙發是客廳的主角，不同材質各有優缺點。本文幫你整理布沙發與皮沙發的比較，選購更有方向。</p>
<h3>布沙發：親膚多變好清洗</h3>
<p>適合喜歡換風格、重視舒適度的家庭。</p>
<h3>皮沙發：高質感、易打理</h3>
<p>較耐用、適合現代與工業風空間。</p>
<h3>留意結構與坐感</h3>
<p>無論材質，骨架與泡棉品質才是關鍵。</p>",4,2024-07-26 06:10:24,2024-07-27 17:45:10,2024-07-31 11:36:18,1
1,打造寵物友善家具空間：讓毛孩住得更安心,"
<h2>打造寵物友善家具空間：讓毛孩住得更安心</h2>
<p>養寵物的家庭在選購家具時應更加注意材質與設計，讓毛孩與家人都能享受安全舒適的居住品質。</p>
<h3>耐抓耐磨布料</h3>
<p>選擇聚酯纖維或合成皮革，抗抓咬好清理。</p>
<h3>低矮家具提升活動自由</h3>
<p>讓毛孩能輕鬆上下跳躍。</p>
<h3>加設寵物角落</h3>
<p>使用籃子、軟墊或寵物屋讓牠有自己的安全區域。</p>
",5,2024-07-29 01:27:27,2024-07-31 21:09:00,2024-08-02 04:37:00,1
1,從家具開始的色彩搭配術：打造專屬居家風格,"
<h2>從家具開始的色彩搭配術：打造專屬居家風格</h2>
<p>色彩是空間氛圍的靈魂。從家具出發掌握配色邏輯，打造屬於自己的美學居家。</p>
<h3>主色 + 輔色 + 點綴色</h3>
<p>主色占 60%，輔色 30%，點綴色 10% 為黃金比例。</p>
<h3>深色家具穩重、大器</h3>
<p>適合大空間與自然光充足的房型。</p>
<h3>搭配軟件讓視覺豐富</h3>
<p>靠墊、地毯與畫作可改變整體風格調性。</p>",4,2024-08-02 00:25:23,2024-08-03 17:01:52,2024-08-05 22:38:54,1
1,玄關家具配置術：從門口就開始講究品味,"
<h2>玄關家具配置術：從門口就開始講究品味</h2>
<p>玄關是回家的第一眼印象，也是收納與風格展現的重要空間。選對家具，能讓玄關既整潔又有特色。</p>
<h3>鞋櫃選擇要透氣</h3>
<p>避免異味與潮濕，可選有通風孔或百葉門設計。</p>
<h3>加一張穿鞋椅</h3>
<p>提升便利性，也讓長輩與孩子更方便穿脫。</p>
<h3>搭配鏡面放大空間感</h3>
<p>全身鏡不只實用，也能讓小玄關看起來更寬敞。</p>
",5,2024-08-05 03:52:36,2024-08-07 07:04:25,2024-08-10 10:22:52,1
1,開放書櫃怎麼擺？打造有層次的閱讀角落,"
<h2>開放書櫃怎麼擺？打造有層次的閱讀角落</h2>
<p>開放式書櫃除了收納書籍，更能展現品味。透過分層擺設與配件搭配，就能打造舒適的閱讀角落。</p>
<h3>交錯擺書創造律動感</h3>
<p>可依主題或顏色分類，讓視覺更整齊。</p>
<h3>融入擺飾與綠植</h3>
<p>不要每格都塞滿書，可穿插小物讓畫面更有趣。</p>
<h3>加上閱讀燈與坐墊</h3>
<p>讓整體閱讀區更舒適、實用。</p>",5,2024-08-18 10:23:01,2024-08-21 11:31:12,2024-08-24 03:09:59,1
1,電視櫃選購全攻略：功能、美觀、線材收納一次搞定,"
<h2>電視櫃選購全攻略：功能、美觀、線材收納一次搞定</h2>
<p>電視櫃是客廳的視覺中心，設計與實用性都不可少。從櫃體高度、儲物機能，到線材收納，選對電視櫃讓生活更方便。</p>
<h3>挑選合適的高度</h3>
<p>建議選擇與視線平行的高度，觀看更舒適。</p>
<h3>線材收納是關鍵</h3>
<p>具備電線孔、暗藏設計可保持整潔。</p>
<h3>儲物空間多寡依需求</h3>
<p>抽屜櫃、展示格可依生活物品選擇搭配。</p>",5,2024-09-02 07:15:37,2024-09-05 00:21:10,2024-09-08 13:06:35,1
1,臥室化妝桌怎麼選？美感與收納兼備的重點,"
<h2>臥室化妝桌怎麼選？美感與收納兼備的重點</h2>
<p>化妝桌是許多女性生活中的儀式感來源，選對尺寸與設計不僅實用，更能成為臥室亮點。</p>
<h3>鏡子設計要便利</h3>
<p>折疊鏡、抽拉鏡能省空間又兼顧實用性。</p>
<h3>分層收納更整齊</h3>
<p>抽屜可分類口紅、保養品與飾品，避免凌亂。</p>
<h3>搭配舒適化妝椅</h3>
<p>椅子高度適中，坐墊要柔軟好久坐。</p>
",5,2024-09-10 10:55:07,2024-09-13 15:32:10,2024-09-14 20:04:51,1
1,打造輕工業風家居：家具材質與色彩運用技巧,"
<h2>打造輕工業風家居：家具材質與色彩運用技巧</h2>
<p>輕工業風結合粗獷與現代，透過金屬、木頭與水泥色調的搭配，展現冷調美感與個性化。</p>
<h3>黑鐵與原木是主角</h3>
<p>金屬框架搭配木質面板，既堅固又有設計感。</p>
<h3>灰白色牆面或裸磚牆</h3>
<p>可營造工業風格氛圍，搭配燈具更有味道。</p>
<h3>家具線條要簡單</h3>
<p>避免花俏造型，以實用機能為設計核心。</p>",1,2024-09-11 14:49:46,2024-09-15 07:51:29,2024-09-18 17:22:06,1
1,家具選購新趨勢：永續材質與再生設計正流行,"
<h2>家具選購新趨勢：永續材質與再生設計正流行</h2>
<p>環保意識興起，不少品牌推出永續家具系列。選購再生木、回收塑料製家具，不僅美觀，也為地球盡一份力。</p>
<h3>再生木材打造溫潤質感</h3>
<p>舊木料經過翻新，獨特紋理更具故事性。</p>
<h3>環保塗料與黏著劑</h3>
<p>低甲醛、無毒設計讓居家更安心。</p>
<h3>模組化家具延長壽命</h3>
<p>可更換零件、升級設計，有效延長家具使用年限。</p>",1,2024-09-12 19:12:23,2024-09-14 14:37:51,2024-09-16 04:08:31,1
1,讓陽台變小天地：戶外家具推薦與佈置技巧,"
<h2>讓陽台變小天地：戶外家具推薦與佈置技巧</h2>
<p>陽台不只是曬衣場，透過精選戶外家具與佈置技巧，也能變身療癒角落或迷你花園。</p>
<h3>摺疊桌椅最實用</h3>
<p>省空間又可輕鬆收納，搭配靠墊更舒適。</p>
<h3>防水材質最耐用</h3>
<p>塑料、鋁合金或防腐木皆適合戶外環境。</p>
<h3>佈置燈飾與綠植</h3>
<p>簡單掛燈與盆栽就能讓陽台氣氛大升級。</p>
",5,2024-09-22 06:45:34,2024-09-23 18:18:41,2024-09-25 15:26:53,1
1,租屋族也能改造空間：免釘免鑽家具選擇技巧,"
<h2>租屋族也能改造空間：免釘免鑽家具選擇技巧</h2>
<p>租屋空間不方便釘牆動工？免釘免鑽的家具設計讓你輕鬆改造房間，搬家還能帶著走！</p>
<h3>層架與活動收納櫃</h3>
<p>自由堆疊、隨擺隨拆，是租屋族首選。</p>
<h3>免釘掛勾與門後掛架</h3>
<p>充分利用垂直空間，不傷牆面又超好用。</p>
<h3>自黏地板與壁貼</h3>
<p>快速提升空間風格，移除時不留痕跡。</p>",2,2024-09-22 18:48:37,2024-09-25 05:41:24,2024-09-26 22:42:57,1
1,提升居家氣氛：燈光與家具的黃金搭配法,"
<h2>提升居家氣氛：燈光與家具的黃金搭配法</h2>
<p>好的燈光設計能讓家具更有生命力，也能讓空間氛圍更完整。搭配正確光源與家具位置，讓居家質感大加分！</p>
<h3>暖黃光適合客廳與臥室</h3>
<p>搭配木質家具，能營造溫馨與放鬆感。</p>
<h3>冷白光適合書房或廚房</h3>
<p>搭配金屬或玻璃家具更具現代感與清潔感。</p>
<h3>燈具也是裝飾的一部分</h3>
<p>吊燈、立燈、壁燈的選擇都能讓空間有不同層次。</p>
",5,2024-10-02 22:33:10,2024-10-06 03:45:38,2024-10-08 02:42:06,1
1,打造居家閱讀角落：書桌與椅子的完美組合,"
<h2>打造居家閱讀角落：書桌與椅子的完美組合</h2>
<p>無論是閱讀、工作或寫日記，擁有一個舒適的角落是現代人放鬆心靈的方式。選對書桌椅組合，讓你更願意坐下來享受寧靜時光。</p>
<h3>書桌不必太大</h3>
<p>簡約設計、具抽屜功能即可，重點是方便使用。</p>
<h3>椅子重視支撐性</h3>
<p>建議選用符合人體工學設計的座椅，長時間久坐也不疲憊。</p>
<h3>加上個人化擺設</h3>
<p>蠟燭、書籤、小盆栽都能讓閱讀角更具個性。</p>",5,2024-10-15 19:31:24,2024-10-17 18:27:52,2024-10-19 10:16:53,1
1,收納不只是藏起來：開放式家具的展示美學,"
<h2>收納不只是藏起來：開放式家具的展示美學</h2>
<p>傳統收納講求遮掩，但現在越來越多人喜歡開放式設計，將收納變成陳列，讓生活物品也成為裝飾品的一部分。</p>
<h3>開放層架應注重擺放順序</h3>
<p>從大到小、由深至淺是最基本的視覺邏輯。</p>
<h3>運用收納盒與籃子</h3>
<p>半開放收納能讓視覺更整齊，也更容易維護。</p>
<h3>搭配燈光效果加分</h3>
<p>燈帶與軌道燈可強調層架展示效果。</p>",2,2024-11-05 10:49:21,2024-11-08 19:51:48,2024-11-10 09:49:59,1
1,小坪數也能放大視覺：善用家具打造空間感,"
<p>居住空間小，卻也能擁有大大的舒適感。透過聰明選擇家具與佈局技巧，即便小坪數也能創造寬敞視覺，讓家更有質感。</p>
<h3>1. 選擇輕量型家具</h3>
<p>避免厚重造型的家具，可選擇細腿、透明材質或淺色調款式，減輕視覺壓迫感。</p>
<h3>2. 利用垂直空間</h3>
<p>層架、掛壁櫃等設計能充分利用牆面，節省地面空間。</p>
<h3>3. 多功能家具助攻</h3>
<p>沙發床、收納茶几等一物多用的家具，是小宅族的好幫手。</p>",2,2024-11-05 14:33:23,2024-11-08 05:02:39,2024-11-12 00:11:21,1
1,木質家具的魅力：讓自然走進你的生活中,"
<p>木頭，是最貼近自然的家具素材。無論是原木桌、胡桃木櫃，或是松木床架，木質家具都能為空間增添溫潤氛圍。</p>
<h3>自然色調的柔和效果</h3>
<p>原木的淺色系讓空間更明亮，也更容易與其他家具搭配。</p>
<h3>每一塊木材都是獨一無二</h3>
<p>天然木紋與節理，創造每件家具的個性。</p>
<h3>木頭會隨時間變得更美</h3>
<p>木質家具使用越久越有味道，是歲月留在家中的痕跡。</p>
",5,2024-12-01 13:19:03,2024-12-04 08:26:20,2024-12-06 08:06:32,1
1,北歐風傢俱指南：簡約而不單調的美學,"
<p>北歐風家具強調簡潔線條與自然光感，適合追求寧靜、實用與溫度的現代人。讓我們一起了解這種風格如何成為全球居家潮流。</p>
<h3>中性色系是關鍵</h3>
<p>米白、淺灰、霧藍等低飽和色讓空間乾淨舒適。</p>
<h3>木頭與布料的融合</h3>
<p>結合棉麻材質與白橡木，營造柔和自然的北歐居家感。</p>
<h3>簡而有力的設計</h3>
<p>不需過多裝飾，以線條與結構展現設計感。</p>",1,2024-12-01 16:29:36,2024-12-05 03:05:09,2024-12-06 03:44:11,1
1,開放式空間怎麼選家具？這 3 招絕對實用,"
<p>開放式設計雖然視野寬敞，但家具選擇與配置不當也容易顯得混亂。這三個實用建議幫你搞定空間分區與動線流暢。</p>
<h3>用家具做分隔</h3>
<p>沙發、書櫃或中島吧台都是自然的分隔線。</p>
<h3>選用同風格、同材質系列</h3>
<p>可維持整體一致性，不會讓空間顯得零亂。</p>
<h3>留意行走動線</h3>
<p>避免擺放過多家具，讓人走動時感覺自在。</p>
",5,2024-12-04 13:02:01,2024-12-05 21:37:44,2024-12-09 16:06:52,1
1,選對餐桌，讓一家人的用餐時光更幸福,"
<p>餐桌是家人每日交流的重要場所，選對餐桌不僅提升空間美感，也能讓每次聚餐更加舒心與溫暖。</p>
<h3>圓形或長型？根據空間與人數選擇</h3>
<p>長型桌適合多人、正式空間；圓桌則讓氣氛更親切。</p>
<h3>材質與保養也很重要</h3>
<p>木製桌耐用且有溫度，玻璃桌則讓空間更現代輕盈。</p>
<h3>搭配舒適座椅更加分</h3>
<p>別忽略餐椅的舒適度，能讓用餐體驗大加分。</p>
",5,2024-12-17 15:33:09,2024-12-20 13:44:17,2024-12-24 05:02:37,1
1,書房家具配置技巧：效率與美感兼顧,"
<p>書房是思考與專注的場所，一套舒適且機能齊全的家具組合，有助於提升學習與工作效率。</p>
<h3>選對書桌大小</h3>
<p>根據使用者身高與使用需求選擇適合的桌面寬度。</p>
<h3>收納櫃合理安排</h3>
<p>書櫃、抽屜櫃可依照物品分類，有效整理空間。</p>
<h3>照明與椅子是關鍵</h3>
<p>護眼燈與人體工學椅是打造舒適書房不可少的配備。</p>",5,2024-12-29 21:19:37,2025-01-01 05:31:14,2025-01-03 11:13:03,1
1,兒童家具怎麼挑？安全、實用又有趣,"
<p>兒童房的家具不只要可愛，更要安全耐用又能滿足孩子的成長需求。這些挑選原則爸媽一定要知道！</p>
<h3>圓角與無毒材質最重要</h3>
<p>避免尖角，選擇通過檢驗的環保板材與塗料。</p>
<h3>可調整家具更耐用</h3>
<p>高度可調的桌椅或擴充式床組，能陪孩子成長。</p>
<h3>讓孩子參與選擇</h3>
<p>讓孩子自己挑選顏色與造型，提升使用意願。</p>
",2,2024-12-31 09:50:45,2025-01-03 10:29:43,2025-01-04 15:55:23,1
1,臥室空間整理術：用家具創造安心睡眠區,"
<p>臥室不只是睡覺的地方，更是放鬆心情的重要空間。透過妥善的家具選擇與收納規劃，打造最舒適的睡眠環境。</p>
<h3>低床設計讓視覺更寬敞</h3>
<p>簡約風的低床或無床板設計可減輕空間壓迫感。</p>
<h3>衣櫃、床底收納不可少</h3>
<p>分類儲物讓房間更整潔，找東西也更方便。</p>
<h3>柔和燈光與床頭櫃</h3>
<p>床邊燈與小型櫃體提升生活便利性與氛圍。</p>
",5,2024-12-31 15:55:54,2025-01-02 21:16:44,2025-01-05 14:24:21,1
1,客廳重點擺設：從沙發到茶几的選擇攻略,"
<p>客廳是家中最重要的公共空間之一，從沙發、茶几到收納櫃的搭配方式，皆影響整體氛圍與使用感受。</p>
<h3>沙發尺寸與材質</h3>
<p>L 型、雙人或三人沙發，應依據坪數與習慣選擇。布沙發溫暖、皮沙發耐用。</p>
<h3>茶几不只是擺設</h3>
<p>具備抽屜或層架的茶几更實用，圓角設計也更安全。</p>
<h3>善用電視櫃收納</h3>
<p>封閉與開放式收納結合，打造整齊視覺。</p>",2,2025-01-10 10:27:07,2025-01-14 02:51:05,2025-01-15 03:44:11,1
1,提升居家質感：選對櫃體讓收納也能成為美學,"
<h2>提升居家質感：選對櫃體讓收納也能成為美學</h2>
<p>櫃體不只是收納工具，也能展現主人的風格與品味。選對設計感與實用性兼具的櫃子，不但解決雜物問題，也能成為空間的焦點。</p>
<h3>造型簡約的立櫃</h3>
<p>高挑窄版的設計讓收納不占空間，非常適合現代小家庭。</p>
<h3>玻璃展示櫃</h3>
<p>擺放收藏品或小盆栽，讓櫃體本身就成為風景。</p>
<h3>內建燈光設計</h3>
<p>加入燈條或LED背光提升質感，也讓物品更易辨識。</p>",5,2025-01-19 06:02:45,2025-01-20 13:00:56,2025-01-21 17:23:26,1
1,多功能家具推薦：空間小也能住得很講究,"
<h2>多功能家具推薦：空間小也能住得很講究</h2>
<p>現代人常面對坪數有限的居住空間，這時多功能家具就是救世主。只要選對家具，小空間也能住得舒適又整齊。</p>
<h3>沙發床一物兩用</h3>
<p>白天當沙發、晚上拉平當床，對租屋族超實用。</p>
<h3>延伸式餐桌</h3>
<p>可隨人數調整長度，不用時收納不占空間。</p>
<h3>結合收納的床組</h3>
<p>床底抽屜、側邊櫃體都是最佳儲物空間。</p>",5,2025-01-21 20:04:07,2025-01-23 20:45:26,2025-01-27 07:41:53,1
1,打造理想居家空間：3 大家具選購關鍵一次看懂！,"<p>家具不只是生活必需品，更是一個空間風格的靈魂核心。無論是新家裝潢、租屋佈置，或是替換老舊傢俱，挑選合適的家具總是一門學問。以下三個重點，幫助你在選購家具時更有方向，打造屬於自己的理想生活空間。</p>

<h3>🛋 1. 功能與空間的平衡</h3>
<p>在選購家具時，首要考量的是空間大小與功能性。若是小坪數的房型，建議選擇多功能家具，如收納床架、摺疊餐桌等，不僅節省空間，也能提升使用效率。</p>

<h3>🎨 2. 風格與配色的一致性</h3>
<p>風格一致的家具能讓整體視覺更和諧。無論你偏好北歐簡約、日式自然，或是工業風，都應盡量統一色系與材質，例如淺木色配白色可營造清新感，而黑鐵件搭配深色木頭則更具現代感。</p>

<h3>🪑 3. 材質與耐用性不可忽視</h3>
<p>選家具不能只看外表，耐用性也是重要考量。實木、金屬框架等材質雖然價格略高，但使用壽命長、穩定度高，是長期投資的好選擇。</p>

<p>選對家具，不只讓生活更方便，也能讓居家空間充滿溫度與個人特色。記住這三大要點，讓你不再為選家具煩惱，輕鬆打造理想的家！</p>",1,2024-03-03 18:41:08,2024-03-05 00:40:44,2024-03-09 00:27:42,1
1,【2025沙發推薦】5大款式兼顧舒適與顏值，創造獨特生活美學,"<h1>【 沙發推薦 】5 大款式兼顧舒適與顏值，創造獨特生活美學</h1>
<p>「沙發推薦」是許多人在布置新家或添購家具時總會搜尋的熱門關鍵字，畢竟一張好沙發不僅是家中不可或缺的靈魂家具，更能讓你的生活增添更多舒適與幸福感。</p>
<p>然而，市面上的沙發款式琳瑯滿目，該如何挑選才不會踩雷？為此，我們特別挑選了 5 款高CP值的沙發，並告訴你選購沙發時該留意哪些要點，讓你能盡情在沙發上享受愜意的居家氛圍。</p>

<p><img src=""https://nitorimain.blob.core.windows.net/article/document/Knowledge/Recommend/Sofa/RecommendSofa.jpg"" alt=""沙發推薦""></p>

<h2>■ 新手必知！了解 5 大推薦沙發類型</h2>
<p>在買沙發之前，先來了解 5 種沙發類型和用途吧！我們可以從簡單的介紹判斷是否符合家中空間以及個人需求：</p>

<table border=""1"" width=""100%"">
  <thead>
    <tr>
      <th>沙發類型</th>
      <th>特點</th>
      <th>適用族群</th>
      <th>適用場合</th>
    </tr>
  </thead>
  <tbody>
    <tr>
      <th>單人沙發</th>
      <td>體積小巧、輕便易移動</td>
      <td>單身族</td>
      <td>小客廳、書房</td>
    </tr>
    <tr>
      <th>雙人沙發</th>
      <td>尺寸適中，樣式選擇豐富</td>
      <td>情侶、新婚夫妻</td>
      <td>小客廳、套房、情侶居家空間</td>
    </tr>
    <tr>
      <th>3人沙發</th>
      <td>座位寬敞，適合家庭聚會</td>
      <td>小家庭</td>
      <td>中型客廳</td>
    </tr>
    <tr>
      <th>L型沙發</th>
      <td>可靈活擺放，擁有大面積座位，提供更多的躺臥空間</td>
      <td>多人家庭</td>
      <td>大型客廳、開放式空間</td>
    </tr>
    <tr>
      <th>沙發床</th>
      <td>一物多用，可變換成床，實用性高</td>
      <td>單身族、小家庭、學生或租屋族</td>
      <td>套房、偶爾需接待客人留宿的空間</td>
    </tr>
  </tbody>
</table>

<h2>■ 選購無困擾！5 大推薦小技巧教你輕鬆選沙發</h2>
<p>已經決定好想要的沙發類型了嗎？那麼接下來，跟著一起來看看以下 5 個挑選小技巧，幫助你選到既舒適又實用的沙發：</p>

<h3>① 了解空間大小</h3>
<p>沙發的大小要與房間的空間匹配，過大或過小的沙發都會顯得不協調。建議先測量好空間尺寸，再挑選沙發，才不會讓客廳顯得擁擠。</p>

<h3>② 挑選適當材質</h3>
<p>材質決定了沙發的觸感和耐用性。皮革材質耐用易清潔；布面材質則柔軟透氣，適合追求親膚感的人。選擇時，可以根據自己的生活方式和需求來考慮材質。</p>

<h3>③ 座椅舒適度</h3>
<p>沙發的坐感是十分關鍵的！選購時，不妨親自到店面試試沙發的軟硬度，不同座椅的彈簧或填充物均會影響坐感體驗，記得挑選感覺舒服的才能坐得長久。</p>

<h3>④ 考慮沙發風格</h3>
<p>沙發的風格應該和居家環境相呼應，如果家裡是現代簡約風，可以選擇設計簡潔、純色的沙發；如果家中風格偏向田園或復古，那麼有圖案或古典造型的沙發會更合適。</p>

<h3>⑤ 設計與功能兼顧</h3>
<p>除了基本的坐臥功能外，還可選擇具備收納功能的沙發，像是沙發床或帶儲物格的L型沙發。不僅節省空間，亦增加更多實用性，讓家裡變得更加整潔。</p>

<h2>沙發清潔保養小妙招：用對方法，讓沙發更耐用</h2>
<p>隨著時間的推移，沙發難免會有灰塵、汙漬或是使用痕跡，這時該怎麼清潔？想保持沙發的潔淨其實並不難，只要掌握以下 3 個小妙招，就能讓沙發長久如新，耐用又舒適！</p>

<h3>✔️ 用柔軟的乾布擦拭</h3>
<p>無論是布質沙發還是皮革沙發，基本的清潔方法就是定期用柔軟的乾布輕輕擦拭，以去除細小的灰塵，避免髒東西或食物碎屑長時間堆積，造成更難清潔的情況。</p>

<h3>✔️ 使用中性清潔劑</h3>
<p>當沙發出現小汙漬時，布質沙發建議選用pH值接近中性的清潔劑，才不容易損傷沙發。可以先將清潔劑稀釋，並在不顯眼處進行測試，確認不會對沙發材質造成不良影響後，再進行全面清潔。而真皮沙發請使用專用清潔及保養用品，延長皮革的使用期限。</p>

<h3>✔️ 定期檢查與清潔</h3>
<p>就像定期健康檢查一樣，沙發也需要例行性的檢查。建議每週撥出固定時間，仔細檢視沙發各個角落，包括縫隙、靠背和扶手等容易忽略的地方。如果遇到難以處理的汙漬或損壞，便能夠及早尋求專業人士協助，避免問題持續惡化。</p>",5,2024-03-04 22:10:07,2024-03-07 04:56:23,2024-03-09 16:17:48,1
1,如何選購床框、床架,"<h6>家具-床架的選購方法</h6>
<p>床架，是決定寢室風格的重要家具。亦會根據選擇的款式影響房間的收納性、寢室舒適度的提升。一邊在心中構思想要打造的寢室，一邊選購床架吧。</p>
<p><img alt=""床架的選購方法"" src=""https://nitorimain.blob.core.windows.net/artical/document/Knowledge/Furniture/ChooseBedframe/kanban_bed.jpg""></p>

<h2>床板的種類</h2>
<p>床板的部分分為板狀款式與骨架款式。在濕氣高的地區，考量到透氣性，對骨架型的需求也增加了。但是，床架發霉的擔憂並不會因為換成骨架型而解決，床座設置的場所、寢室的透氣性等環境也會影響。即使是透氣的骨架型床座，也需注意日常的保養與通風。</p>
<p><img alt=""床板的種類"" src=""https://nitorimain.blob.core.windows.net/artical/document/Knowledge/Furniture/ChooseBedframe/bedframe_illust01.png""></p>

<h2>床板與床墊的相性</h2>
<p>床板與床墊之間會有組合相性的問題。板狀床板基本上可以對應各種床墊，但是骨架型的床板在木板之間有過大的間隔，獨立筒床墊本身的優點無法發揮。若要讓骨架型床板與獨立筒彈簧床搭配，需要選購獨立筒直徑較大、填充物較厚的床墊款式。</p>

<h2>床座款式一覽</h2>
<ul>
  <li>
    <img src=""https://nitorimain.blob.core.windows.net/artical/document/Knowledge/Furniture/ChooseBedframe/bedframe_type01.png"">
    <p><strong>標準型</strong>：床下可收納，實用性高。</p>
  </li>
  <li>
    <img src=""https://nitorimain.blob.core.windows.net/artical/document/Knowledge/Furniture/ChooseBedframe/bedframe_type02.png"">
    <p><strong>抽屜型</strong>：下方設有抽屜，活用空間。</p>
  </li>
  <li>
    <img src=""https://nitorimain.blob.core.windows.net/artical/document/Knowledge/Furniture/ChooseBedframe/bedframe_type03.png"">
    <p><strong>兩層式</strong>：一人空間設兩床，適合兒童房。</p>
  </li>
  <li>
    <img src=""https://nitorimain.blob.core.windows.net/artical/document/Knowledge/Furniture/ChooseBedframe/bedframe_type04.png"">
    <p><strong>矮床座</strong>：高度低，視覺清爽，增加安心感。</p>
  </li>
  <li>
    <img src=""https://nitorimain.blob.core.windows.net/artical/document/Knowledge/Furniture/ChooseBedframe/bedframe_type05.png"">
    <p><strong>掀床型</strong>：床板可掀起，下方大容量收納。</p>
  </li>
  <li>
    <img src=""https://nitorimain.blob.core.windows.net/artical/document/Knowledge/Furniture/ChooseBedframe/bedframe_type06.png"">
    <p><strong>高架床</strong>：床上睡覺，床下空間可利用。</p>
  </li>
  <li>
    <img src=""https://nitorimain.blob.core.windows.net/artical/document/Knowledge/Furniture/ChooseBedframe/bedframe_type07.png"">
    <p><strong>躺椅</strong>：三邊圍欄，日間可當沙發。</p>
  </li>
  <li>
    <img src=""https://nitorimain.blob.core.windows.net/artical/document/Knowledge/Furniture/ChooseBedframe/bedframe_type08.png"">
    <p><strong>公主床</strong>：蕾絲簾圍繞，營造夢幻安心感。</p>
  </li>
</ul>

<h2>床頭板的種類與機能</h2>
<ul>
  <li>
    <img src=""https://nitorimain.blob.core.windows.net/artical/document/Knowledge/Furniture/ChooseBedframe/bedframe_type10.png"">
    <p><strong>平板床頭板</strong>：簡約設計，也有鐵製款。</p>
  </li>
  <li>
    <img src=""https://nitorimain.blob.core.windows.net/artical/document/Knowledge/Furniture/ChooseBedframe/bedframe_type11.png"">
    <p><strong>可置物型</strong>：可放眼鏡手機，有照明與配線孔。</p>
  </li>
  <li>
    <img src=""https://nitorimain.blob.core.windows.net/artical/document/Knowledge/Furniture/ChooseBedframe/bedframe_type12.png"">
    <p><strong>靠墊型</strong>：如沙發靠墊，可倚靠閱讀。</p>
  </li>
</ul>

<h2>各部位的名稱與尺寸一覽</h2>
<p><img src=""https://nitorimain.blob.core.windows.net/artical/document/Knowledge/Furniture/ChooseBedframe/bedframe_bed.png"" alt=""""></p>
<p>
  <img src=""https://nitorimain.blob.core.windows.net/artical/document/Knowledge/Furniture/ChooseBedframe/bedframe_bedsize_01.png"">
  <img src=""https://nitorimain.blob.core.windows.net/artical/document/Knowledge/Furniture/ChooseBedframe/bedframe_bedsize_02.png"">
  <img src=""https://nitorimain.blob.core.windows.net/artical/document/Knowledge/Furniture/ChooseBedframe/bedframe_bedsize_03.png"">
</p>

<h2>找出自己喜歡的材質</h2>
<p><img src=""https://nitorimain.blob.core.windows.net/artical/document/Knowledge/Furniture/ChooseBedframe/bedframe_column.jpg"" alt=""""></p>
<p><strong>想像以自己喜歡的材質製成床座，將它放入寢室，躺在上方休息、入眠。木製床座可以感受到木質的溫暖，可說是最適合搭配床的材質。能夠讓身心放鬆，療癒每日疲勞。鋼鐵製的床座有多樣的設計風格，不易有壓迫感，可以營造獨特的氛圍，適合想打造個性寢室的人。表面以布包覆的床座，能讓人感到休閒輕鬆，若是以皮革包覆則能呈現高級感。床座可說是決定整個寢室風格的中心家具，選用喜歡的材質，打造令自己開心的空間吧。</strong></p>",4,2024-03-06 09:52:13,2024-03-09 19:56:36,2024-03-11 15:38:23,1
1,DIY組裝小知識,"<h6>家具-DIY組裝小知識</h6>
<p>DIY組裝家具受歡迎的理由就是，購買之後可立即帶回家，而價格上比一般家具更經濟實惠。有些人覺得「不擅長自行組裝家具」，其實只要了解其中技巧，看完此頁的說明，就能放心挑戰DIY組裝家具囉。</p>
<p><img alt=""DIY組裝小知識"" src=""https://nitorimain.blob.core.windows.net/artical/document/Knowledge/Furniture/KumitateKagu/KumitateKaguTOPimg.jpg""></p>

<h5>DIY組裝的重點</h5>
<ul>
  <li>
    <p><strong>按步驟說明組裝</strong></p>
    <img src=""https://nitorimain.blob.core.windows.net/artical/document/Knowledge/Furniture/KumitateKagu/kumipoint_01.png"" alt="""">
    <p>請依照說明書中的步驟進行，勿跳步驟組裝，否則可能導致最後無法完成。</p>
  </li>
  <li>
    <p><strong>先將螺絲都轉鬆</strong></p>
    <img src=""https://nitorimain.blob.core.windows.net/artical/document/Knowledge/Furniture/KumitateKagu/kumipoint_02.png"" alt="""">
    <p>先將所有螺絲轉開一半。</p>
    <img src=""https://nitorimain.blob.core.windows.net/artical/document/Knowledge/Furniture/KumitateKagu/kumipoint_03.png"" alt="""">
    <p>再一起轉緊，確保所有螺絲都緊密固定。</p>
  </li>
  <li>
    <p><strong>使用橡膠鎚釘木釘</strong></p>
    <img src=""https://nitorimain.blob.core.windows.net/artical/document/Knowledge/Furniture/KumitateKagu/kumipoint_04.png"" alt="""">
    <p>木釘塗上膠水後垂直放入，再用橡膠鎚敲進栓孔。</p>
  </li>
  <li>
    <p><strong>使用螺絲起子鎖緊</strong></p>
    <img src=""https://nitorimain.blob.core.windows.net/artical/document/Knowledge/Furniture/KumitateKagu/kumipoint_05.png"" alt="""">
    <p>將螺絲插入對應缺口。</p>
    <img src=""https://nitorimain.blob.core.windows.net/artical/document/Knowledge/Furniture/KumitateKagu/kumipoint_06.png"" alt="""">
    <p>使用螺絲起子以同方向旋轉180度鎖緊。</p>
  </li>
  <li>
    <p><strong>附屬文件一併整理保管</strong></p>
    <img src=""https://nitorimain.blob.core.windows.net/artical/document/Knowledge/Furniture/KumitateKagu/kumipoint_07.png"" alt="""">
    <p>將產品保證書、說明書與備用配件一併保存。</p>
  </li>
</ul>

<h5>組裝時必備工具</h5>
<ul>
  <li>
    <p><strong>電鑽機（電動起子）</strong></p>
    <img src=""https://nitorimain.blob.core.windows.net/artical/document/Knowledge/Furniture/KumitateKagu/kumitool_01.png"" alt="""">
    <p>雖然一般螺絲起子也可使用，但電動起子省力方便，特別適合女性使用，建議家中常備。</p>
  </li>
  <li>
    <p><strong>橡膠鎚</strong></p>
    <img src=""https://nitorimain.blob.core.windows.net/artical/document/Knowledge/Furniture/KumitateKagu/kumitool_02.png"" alt="""">
    <p>橡膠頭不易刮傷家具，音量也小，推薦用於組裝木製或金屬家具。</p>
  </li>
</ul>

<h5>組裝家具購入時注意事項</h5>
<ul>
  <li>
    <p><strong>確認外包裝所述注意事項</strong></p>
    <img src=""https://nitorimain.blob.core.windows.net/artical/document/Knowledge/Furniture/KumitateKagu/kumi_notice_01.png"" alt="""">
    <p>包裝通常很重，請留意「請兩人以上搬運」「小心易碎」等說明，以避免商品毀損或受傷。</p>
  </li>
  <li>
    <p><strong>確認盒中所附零件、配件</strong></p>
    <img src=""https://nitorimain.blob.core.windows.net/artical/document/Knowledge/Furniture/KumitateKagu/kumi_notice_02.png"" alt="""">
    <p>請仔細核對說明書附的零件清單，缺件時請聯繫門市補齊再組裝，否則可能浪費時間補救。</p>
  </li>
  <li>
    <p><strong>確保組裝完成空間</strong></p>
    <p>預留比家具完成尺寸更大的空間，便於操作與移動。</p>
  </li>
  <li>
    <p><strong>了解組裝的步驟說明</strong></p>
    <p>先閱讀說明書流程，掌握關鍵步驟後再開始，組裝更順利。</p>
  </li>
  <li>
    <p><strong>組裝工具的準備</strong></p>
    <img src=""https://nitorimain.blob.core.windows.net/artical/document/Knowledge/Furniture/KumitateKagu/kumi_notice_03.png"" alt="""">
    <p>螺絲起子、鎚子、剪刀、六角板手等，請事先準備並使用尺寸正確的工具，以免損壞零件。</p>
  </li>
  <li>
    <p><strong>保護地板避免組裝時損壞</strong></p>
    <p>地面請鋪毛毯或紙板，避免鎚子掉落或零件刮傷地板。</p>
  </li>
</ul>",2,2024-03-17 12:06:40,2024-03-19 20:03:09,2024-03-22 01:41:25,1
1,選購餐桌椅組,"<h6>家具-選購餐桌椅組</h6>
<p>餐廳就是匯集一家人歡樂用餐的重要場所。所有的人們會以餐桌為中心點自然的聚集起來，餐廳主要印象就是給人可以盡情放鬆無壓力的舒適空間。</p>
<p><img alt=""選購餐桌椅組"" src=""https://nitorimain.blob.core.windows.net/artical/document/Knowledge/Furniture/DiningTableSet/DiningTableSetTOPimg.jpg""></p>

<h5>餐椅的種類</h5>
<ul>
  <li>
    <p><strong>中高椅背</strong></p>
    <img src=""https://nitorimain.blob.core.windows.net/artical/document/Knowledge/Furniture/DiningTableSet/chair01.png"" alt="""">
    <p>為最常見的標準款式。</p>
  </li>
  <li>
    <p><strong>高椅背</strong></p>
    <img src=""https://nitorimain.blob.core.windows.net/artical/document/Knowledge/Furniture/DiningTableSet/chair02.png"" alt="""">
    <p>提升舒適的坐感及安穩度，適合搭配在高級正式的空間。</p>
  </li>
  <li>
    <p><strong>低椅背</strong></p>
    <img src=""https://nitorimain.blob.core.windows.net/artical/document/Knowledge/Furniture/DiningTableSet/chair03.png"" alt="""">
    <p>減少疲勞感並讓空間感覺更寬敞。</p>
  </li>
  <li>
    <p><strong>旋轉式</strong></p>
    <img src=""https://nitorimain.blob.core.windows.net/artical/document/Knowledge/Furniture/DiningTableSet/chair04.png"" alt="""">
    <p>可旋轉座面，方便進出，特別推薦給高齡長輩。</p>
  </li>
  <li>
    <p><strong>附輪旋轉式</strong></p>
    <img src=""https://nitorimain.blob.core.windows.net/artical/document/Knowledge/Furniture/DiningTableSet/chair05.png"" alt="""">
    <p>可輕鬆移動，清掃更方便，建議搭配地墊使用以保護地板。</p>
  </li>
</ul>

<h5>餐桌的種類</h5>
<ul>
  <li>
    <p><strong>長方形</strong></p>
    <img src=""https://nitorimain.blob.core.windows.net/artical/document/Knowledge/Furniture/DiningTableSet/table01.png"" alt="""">
    <p>標準型適合4～6人，種類多樣，可靠牆或當備餐台使用。</p>
  </li>
  <li>
    <p><strong>圓角形、圓形</strong></p>
    <img src=""https://nitorimain.blob.core.windows.net/artical/document/Knowledge/Furniture/DiningTableSet/table02.png"" alt="""">
    <p>減低壓迫與銳利感，空間更寬敞，適合彈性人數應對。</p>
  </li>
  <li>
    <p><strong>伸縮款</strong></p>
    <img src=""https://nitorimain.blob.core.windows.net/artical/document/Knowledge/Furniture/DiningTableSet/table03.png"" alt="""">
    <p>平常節省空間，必要時可展開。依使用頻率與空間選擇合適尺寸。</p>
  </li>
  <li>
    <p><strong>附抽屜款</strong></p>
    <img src=""https://nitorimain.blob.core.windows.net/artical/document/Knowledge/Furniture/DiningTableSet/table04.png"" alt="""">
    <p>桌下附收納抽屜，便於存放餐具等小物。</p>
  </li>
  <li>
    <p><strong>桌板可升降</strong></p>
    <img src=""https://nitorimain.blob.core.windows.net/artical/document/Knowledge/Furniture/DiningTableSet/table05.png"" alt="""">
    <p>可依需求調整高度，兼具工作桌與餐桌機能。</p>
  </li>
</ul>

<h5>餐桌腳的款式</h5>
<ul>
  <li>
    <p><strong>4腳餐桌</strong></p>
    <img src=""https://nitorimain.blob.core.windows.net/artical/document/Knowledge/Furniture/DiningTableSet/table06.png"" alt="""">
    <p>四角桌腳設計安定性高，方便擺放餐椅與兒童椅。</p>
  </li>
  <li>
    <p><strong>T型腳餐桌</strong></p>
    <img src=""https://nitorimain.blob.core.windows.net/artical/document/Knowledge/Furniture/DiningTableSet/table07.png"" alt="""">
    <p>出入方便省空間，適合大型餐椅，推薦搭配旋轉椅。</p>
  </li>
  <li>
    <p><strong>單腳型餐桌</strong></p>
    <img src=""https://nitorimain.blob.core.windows.net/artical/document/Knowledge/Furniture/DiningTableSet/table08.png"" alt="""">
    <p>無桌腳阻礙，適合搭配L型沙發作為餐桌使用。</p>
  </li>
</ul>

<h5>尺寸與桌形的選擇</h5>
<p>選購餐桌椅組時，最重要的是依空間大小選擇合適尺寸。若放置於有餐具櫃的空間，需考慮門片開啟方式與餐椅的移動空間是否充足。</p>
<p><img src=""https://nitorimain.blob.core.windows.net/artical/document/Knowledge/Furniture/DiningTableSet/size01.png"" alt=""""></p>
<p><img src=""https://nitorimain.blob.core.windows.net/artical/document/Knowledge/Furniture/DiningTableSet/size02.png"" alt=""""></p>
<p><img src=""https://nitorimain.blob.core.windows.net/artical/document/Knowledge/Furniture/DiningTableSet/size03.png"" alt=""""></p>
<p><img src=""https://nitorimain.blob.core.windows.net/artical/document/Knowledge/Furniture/DiningTableSet/size04.png"" alt=""""></p>
",4,2024-03-17 21:14:13,2024-03-19 20:41:47,2024-03-20 23:10:09,1
1,如何選購彈簧床,"<h6>家具-床墊的選購方法</h6>
<p>床墊不是每個都一樣嗎？實際上根據彈簧等內部構造的差異，是會大大地改變睡感的。人生有三分之一的時間在睡眠中度過，因此更要找出適合自己身體的理想床墊。</p>
<p><img alt=""床墊的選購方法"" src=""https://nitorimain.blob.core.windows.net/artical/document/Knowledge/Furniture/ChooseMattress/kanban_mattress.jpg""></p>

<h2>為了得到良好的睡眠</h2>
<ul>
  <li>
    <p><strong>維持正確的睡眠姿勢與體壓的分散性</strong></p>
    <img src=""https://nitorimain.blob.core.windows.net/artical/document/Knowledge/Furniture/ChooseMattress/bedmattress_illust01.png"">
    <p>人在直立的時候，背骨會呈現Ｓ字形。理想睡姿就是能維持這種姿勢。床墊太硬可能造成瘀血，太軟則可能導致腰痛。選擇支撐性佳的床墊，有助於分散體壓並維持良好姿勢。</p>
  </li>
  <li>
    <p><strong>到店裡試躺看看吧</strong></p>
    <img src=""https://nitorimain.blob.core.windows.net/artical/document/Knowledge/Furniture/ChooseMattress/bedmattress_illust02.png"">
    <p>實際躺躺看店裡的床墊，不論是仰躺、側躺或滾動翻身，都能感受到整體的睡感與支撐性。</p>
  </li>
</ul>

<h2>床墊的構造與特徵</h2>
<p><strong>大略區分床墊的構造分為：內部構造、填充物、表布三種。在這之中是內部構造決定了床墊的基本性能。內部構造指的是彈簧等中心部分。</strong></p>
<ul>
  <li>
    <p><strong>連結式彈簧</strong></p>
    <img src=""https://nitorimain.blob.core.windows.net/artical/document/Knowledge/Furniture/ChooseMattress/bedmattress_coil01.png"">
    <p>螺旋彈簧彼此連結，以整體面支撐身體，為經典設計。</p>
  </li>
  <li>
    <p><strong>獨立筒彈簧</strong></p>
    <img src=""https://nitorimain.blob.core.windows.net/artical/document/Knowledge/Furniture/ChooseMattress/bedmattress_coil02.png"">
    <p>每顆彈簧獨立包覆在不織布中，根據身體重量調整下沉，有效分散體壓。</p>
  </li>
  <li>
    <p><strong>無彈簧床墊</strong></p>
    <img src=""https://nitorimain.blob.core.windows.net/artical/document/Knowledge/Furniture/ChooseMattress/bedmattress_coil03.png"">
    <p>不含金屬彈簧，像是記憶泡棉、乳膠、水床等。可回收性高，環保友善。</p>
  </li>
</ul>

<h2>床墊的硬度</h2>
<p><strong>良好的睡眠品質源自於選購與自身睡姿、體型相合的寢具。在此要向大家推薦從床墊重要的「硬度」找出符合自己身體的床墊。</strong></p>
<ul>
  <li>
    <p><strong>普通</strong></p>
    <img src=""https://nitorimain.blob.core.windows.net/artical/document/Knowledge/Furniture/ChooseMattress/bedmattress_katasa01.png"">
    <p>適合仰睡者，能支撐頸部與腰部。</p>
  </li>
  <li>
    <p><strong>硬</strong></p>
    <img src=""https://nitorimain.blob.core.windows.net/artical/document/Knowledge/Furniture/ChooseMattress/bedmattress_katasa02.png"">
    <p>推薦給體型較大或喜歡趴睡者，支撐性佳不易下陷。</p>
  </li>
  <li>
    <p><strong>軟</strong></p>
    <img src=""https://nitorimain.blob.core.windows.net/artical/document/Knowledge/Furniture/ChooseMattress/bedmattress_katasa03.png"">
    <p>適合側睡者，能支撐肩與腰的壓力點，但仍需具備基本彈力以利翻身。</p>
  </li>
</ul>

<h2>鋪上床單下用保潔墊更舒適</h2>
<p><strong>為了提升睡感或保護床墊，還能夠鋪上保潔墊。保潔墊大致分為衛生用與調節睡感兩種。可以根據需求進行挑選。</strong></p>
<ul>
  <li>
    <img src=""https://nitorimain.blob.core.windows.net/artical/document/Knowledge/Furniture/ChooseMattress/bedmattress_bedtype01.png"">
    <p><strong>衛生用</strong><br>可吸汗、防止弄髒床墊，洗衣機可洗，衛生便利。</p>
  </li>
  <li>
    <img src=""https://nitorimain.blob.core.windows.net/artical/document/Knowledge/Furniture/ChooseMattress/bedmattress_bedtype02.png"">
    <p><strong>調整睡感用</strong><br>增加柔軟度、遮蔽彈簧感，通常無法清洗，建議與衛生型一併使用。</p>
  </li>
</ul>

<h2>記憶泡棉</h2>
<p><img alt="""" src=""https://nitorimain.blob.core.windows.net/artical/document/Knowledge/Furniture/ChooseMattress/bedmattress_column.jpg""></p>
<p><strong>記憶泡棉原本為NASA開發，用於太空人座椅吸收衝擊，後廣泛應用於醫療床、汽車座椅、鞋墊、床墊與枕頭等產品。因其良好的包覆性與體壓分散效果，成為理想的寢具素材。</strong></p>",4,2024-03-31 17:58:03,2024-04-02 15:12:34,2024-04-04 00:20:32,1
1,沙發保養方法：布質/真皮/合成皮沙發保養用具、常見問題整理,"<h1>家具-沙發的保養方法</h1>
<p>若要讓喜歡的沙發長時間保持在良好狀態，定期保養不可或缺。根據素材不同，保養方法也有所不同，這邊來教大家正確的保養方法吧。</p>
<p><img alt=""沙發的保養方法"" src=""https://nitorimain.blob.core.windows.net/artical/document/Knowledge/Furniture/SofaClean/kanban_sofaclean.jpg""></p>

<h2>沙發保養用品</h2>
<p>沙發屬於大型家具。沙發的保養方法，分為皮革與布質，在此為您介紹各種材質的保養祕訣，才能輕鬆長久地使用喜愛的沙發。</p>

<ul>
  <li>
    <a href=""https://www.nitori-net.tw/product/1100075s"" target=""_blank"">
      <h3>皮革用清潔保養組</h3>
      <img alt=""皮革用沙發清潔保養組"" src=""https://nitorimain.blob.core.windows.net/artical/document/Knowledge/Furniture/SofaClean/leather_clean_01.jpg"">
      <p>真皮、合成皮的沙發必須使用專用的清潔劑。特別是購買真皮新品時，一開始要先讓防護佈滿沙發，才能讓髒污不容易浸透。需要一年1至2次定期保養，才能保持光澤與原有彈性。</p>
    </a>
  </li>
  <li>
    <a href=""https://www.nitori-net.tw/product/1107409s"" target=""_blank"">
      <h3>皮革清潔擦拭巾</h3>
      <img alt=""皮革用沙發清潔擦拭巾"" src=""https://nitorimain.blob.core.windows.net/artical/document/Knowledge/Furniture/SofaClean/leather_clean_02.jpg"">
      <p>真皮與合成皮皆能使用。表面至接縫處都能徹底清潔，快速去除髒汙，輕鬆達到保養效果。擦拭完後再用乾布擦拭乾淨即可。</p>
      <p>※此產品內含界面活性劑和合成洗劑，使用後請以清水清洗雙手。</p>
    </a>
  </li>
  <li>
    <a href=""https://www.nitori-net.tw/product/1103011s"" target=""_blank"">
      <h3>布質沙發清潔組</h3>
      <img alt=""布質沙發清潔保養組"" src=""https://nitorimain.blob.core.windows.net/artical/document/Knowledge/Furniture/SofaClean/fiber_clean.jpg"">
      <p>新品保養時可先用吸塵器或軟毛刷清除表面灰塵，再使用布質防護液噴灑沙發表面後自然陰乾即可。平時若接觸到髒污，可用清潔劑以按壓方式清理後用濕布擦除，再以乾布將多餘水分擦拭後自然陰乾。</p>
    </a>
  </li>
</ul>

<h2>布質沙發保養Q&amp;A</h2>
<p>布質和皮革不同，沾染髒汙後便會難以清潔。因此近年常見可更換布套的沙發款式，或是為防止日常的髒汙而鋪上沙發套等方法。</p>

<ul>
  <li><h3>布質沙發平時如何保養？</h3></li>
  <li>織線較粗的布製品容易卡灰塵，可使用軟毛刷輕刷表面，或是以吸塵器去除灰塵。</li>
  <li><h3>布質沙發清除髒汙的方法？</h3></li>
  <li>若不慎接觸到髒污，要盡快以濕毛巾擦拭去除。若是濺到飲料，先用乾布吸收，再以中性洗劑沾水輕柔擦拭，最後以乾布處理乾燥，避免使用酒精等有機溶劑。</li>
</ul>

<h2>真皮沙發保養Q&amp;A</h2>
<p>真皮若無勤於保養將容易引起角質化、皮革劣化。從平時養成保養習慣，讓皮革維持原本的風貌。</p>

<ul>
  <li><h3>真皮沙發平時的保養？</h3></li>
  <li>以柔軟布乾擦去除灰塵與髒汙，防止發霉。</li>
  <li><h3>真皮沙發定期的保養？</h3></li>
  <li>建議每3～6個月使用專用清潔劑與保養乳保養，先去污再補油。使用前先在不明顯處測試是否變色。</li>
  <li><h3>真皮沙發去除髒汙的方法？</h3></li>
  <li>使用專用清潔劑擦拭於布上，避免直接接觸皮革，處理後以乾布擦乾。</li>
</ul>

<h2>合成皮革沙發保養Q&amp;A</h2>
<p>合成皮革主要分為 PVC 和 PU。PVC 耐污性佳且便宜；PU 則柔軟有彈性。</p>

<ul>
  <li><h3>合成皮革沙發平時的清潔？</h3></li>
  <li>以柔軟布乾擦，必要時用擰乾的濕布擦拭。</li>
  <li><h3>合成皮革沙發定期的保養？</h3></li>
  <li>針對日常髒汙（如手垢）使用中性洗劑清潔，最後以乾布擦拭。使用專用清潔劑可延長壽命。</li>
  <li><h3>合成皮革沙發去除髒汙的方法？</h3></li>
  <li>同真皮，用專用清潔劑清潔，再用乾布擦拭。</li>
</ul>

<h2>※若沙發腳或扶手髒了的話……</h2>
<p>木製或金屬的部分可用乾布擦拭，若需濕擦請用擰乾的布，並再次乾擦保持乾燥。避免放置高溫或潮濕物品於木質表面。</p>

<h2>為了重要的沙發</h2>
<p><img alt=""為了重要的沙發，保養不可少"" src=""https://nitorimain.blob.core.windows.net/artical/document/Knowledge/Furniture/SofaClean/sofaclean_column.jpg""></p>
<p><b>為了讓沙發的風貌能夠長久保持，日常的保養不可或缺，且髒汙放置太久會導致難以清理，因此須盡早處理。沙發的素材分為真皮、合成皮與布質，不同材質有其適合的保養方法，若使用錯誤的保養方式恐導致其更早劣化。特別是購買市售的清潔劑時，不論是使用於何種素材，都要先在不顯眼的地方測試，觀察一週後是否有變色的情形，以防保養失敗。</b></p>
",3,2024-04-05 18:47:31,2024-04-07 17:23:02,2024-04-10 01:48:47,1
1,選購餐具櫃、櫥櫃,"  <h6>家具-選購餐具櫃、櫥櫃</h6>
  <p>
    餐具櫃、家電收納櫃、餐邊櫃……，市面上五花八門的廚房收納用品，<br>
    要如何選擇收納才能井然有序又充滿質感呢？徹底分析您的收納需求，<br>
    一起來打造最適合您的夢想中的廚房吧！
  </p>
  <p>
    <img src=""https://nitorimain.blob.core.windows.net/artical/document/Knowledge/Furniture/KitchenBoard/KitchenBoardTOPimg.jpg"" alt=""選購餐具櫥櫃"">
  </p>
  <p><em>本文中的內容為提供小知識來協助顧客的生活，內容中可能含有宜得利未販售之商品。</em></p>

  <h5>廚房收納家具</h5>
  <ul>
    <li>
      <img src=""https://nitorimain.blob.core.windows.net/artical/document/Knowledge/Furniture/KitchenBoard/KB_01.png"" alt="""">
      <p><b>餐具櫃</b><br>可以有效地收納各種餐具。除了經典的簡約俐落款式之外，還有時尚的質感實木腳設計、無壓迫感的矮櫃設計…等等。透過豐富的種類與設計，視覺與機能兼具，不僅整齊收納，還能美化空間，享受裝飾廚房的樂趣！</p>
    </li>
    <li>
      <img src=""https://nitorimain.blob.core.windows.net/artical/document/Knowledge/Furniture/KitchenBoard/KB_02.png"" alt="""">
      <p><b>家電收納櫃</b><br>為了能輕鬆快速而高效率地完成家務，能夠完善收納廚房家電的家電櫃是不可或缺的。最近廚房用的家電用品不僅機能豐富，尺寸也隨之增大。購買前確認空間尺寸，更容易提升廚房質感與便利。</p>
    </li>
    <li>
      <img src=""https://nitorimain.blob.core.windows.net/artical/document/Knowledge/Furniture/KitchenBoard/KB_03.png"" alt="""">
      <p><b>餐邊櫃</b><br>提供更多工作與收納空間，厚實的檯面也能作為工作台使用，讓料理更順暢。</p>
    </li>
  </ul>

  <h5>注目機能</h5>
  <p><b>「MOISS」是一種新型素材，具有調濕、除臭、防火等機能。應用於家電櫃開放空間的頂部，可吸收熱氣與水蒸氣，延長家電壽命。</b></p>
  <p><img src=""https://nitorimain.blob.core.windows.net/artical/document/Knowledge/Furniture/KitchenBoard/hitonkun_27.png"" alt=""""></p>

  <ul>
    <li><b>全開滑軌式設計抽屜</b><br>可完全拉出抽屜，收納與取物更方便。</li>
    <li><b>自動減速滑軌設計</b><br>抽屜推入時會自動減速閉合，防止撞擊餐具。</li>
  </ul>

  <h5>防震設計防患未然</h5>
  <p>地震時餐具易掉落，建議選擇具防震設計的櫥櫃。</p>
  <ul>
    <li><img src=""https://nitorimain.blob.core.windows.net/artical/document/Knowledge/Furniture/KitchenBoard/KBItem01.png"" alt="""">
        <p><b>防爆薄膜加工</b><br>玻璃加上防爆薄膜，即使破裂也不飛散。</p>
    </li>
    <li><img src=""https://nitorimain.blob.core.windows.net/artical/document/Knowledge/Furniture/KitchenBoard/KBItem02.png"" alt="""">
        <p><b>橫式傾斜樣式</b><br>可減少餐具在地震時飛出的風險。</p>
    </li>
  </ul>

  <p><b>耐震自動閉鎖功能</b><br>偵測地震時自動鎖上櫃門，防止物品滑落。</p>

  <h5>推薦搭配好物</h5>
  <p><b>餐櫥墊</b><br>抗菌防臭、防滑、好清理。可自由剪裁適合大小。</p>

  <ul>
    <li><img src=""https://nitorimain.blob.core.windows.net/artical/document/Knowledge/Furniture/KitchenBoard/KBItem03.png"" alt="""">
        <p><b>餐具收納盒</b><br>抽屜分類收納好幫手，收納盒也可取出使用。</p>
    </li>
    <li><img src=""https://nitorimain.blob.core.windows.net/artical/document/Knowledge/Furniture/KitchenBoard/KBItem04.png"" alt="""">
        <p><b>餐盤收納架</b><br>整齊分類餐盤，節省空間與拿取便利。    </li>
  </ul>

  <h5>如何調整蝴蝶鎖</h5>
  <ul>
    <li><img src=""https://nitorimain.blob.core.windows.net/artical/document/Knowledge/Furniture/KitchenBoard/KB_04.png"" alt="""">
      <p><b>前後移動</b><br>鬆開螺絲 A，前後調整櫃門後再鎖緊。</p>
    </li>
    <li><img src=""https://nitorimain.blob.core.windows.net/artical/document/Knowledge/Furniture/KitchenBoard/KB_05.png"" alt="""">
      <p><b>左右移動</b><br>調整螺絲 B，可左右微調門片位置。</p>
    </li>
    <li><img src=""https://nitorimain.blob.core.windows.net/artical/document/Knowledge/Furniture/KitchenBoard/KB_06.png"" alt="""">
      <p><b>上下移動</b><br>鬆開螺絲 C，調整上下高度。</p>
    </li>
  </ul>


 
",4,2024-04-08 05:23:08,2024-04-09 17:19:20,2024-04-10 22:14:16,1
1,如何選購沙發,"<h2>家具-如何選購沙發</h2>
<p>
沙發的款式有許多種類，進一步還有造型設計、材質、坐感等多種選購要點。<br>
正因為是購買後便會使用很長一段時間的家具，找到一張用途與喜好與自己最相近的沙發非常重要。
</p>
<p><img src=""https://nitorimain.blob.core.windows.net/artical/document/Knowledge/Furniture/ChooseSofa/kanban_sofa.jpg"" alt=""如何選購沙發""></p>

<h2>購買前的確認</h2>
<h4>沙發屬於大型家具</h4>
<p>
好不容易買了喜歡的沙發，卻因為進不了家門而失落地退貨……為了不發生這種事，請在事前確認好以下幾項：
</p>

<h4>放置沙發的空間</h4>
<p><img src=""https://nitorimain.blob.core.windows.net/artical/document/Knowledge/Furniture/ChooseSofa/sofa_beforebuy.jpg"" alt=""""></p>
<p>
由於家具店總會以廣闊的賣場來展示沙發，總會讓人產生「這個（尺寸）我家也進得去」的錯覺。賣場天花板高，放置沙發的感覺與實際生活不同，易產生誤差。<br>
若是電動可躺式沙發，還需考量後躺所需的預留空間。建議可使用報紙在家中標示預定位置來預估尺寸。
</p>

<h4>搬入路徑的確認</h4>
<p>
許多人會忘了沙發不是組裝家具，而是整體搬入，故需特別注意以下項目：
</p>
<ul>
  <li>玄關入口的大小</li>
  <li>走廊與樓梯的大小、形狀</li>
  <li>電梯的大小</li>
  <li>設置位置的天花板高度</li>
</ul>

<h2>內部構造與坐感</h2>
<p>
沙發的內部構造由吸收衝擊的「基底」與提供舒適度的「靠墊」組成，彈力與耐久性由基底決定，坐感由靠墊影響。
</p>

<h4>基底</h4>
<p><strong>S型彈簧</strong></p>
<p><img src=""https://nitorimain.blob.core.windows.net/artical/document/Knowledge/Furniture/ChooseSofa/base_01.png"" alt=""""></p>
<p>由鋼製 S 型彈簧支撐，坐感不會下陷太深，可打造輕量設計感的沙發。</p>

<p><strong>彈力帶</strong></p>
<p><img src=""https://nitorimain.blob.core.windows.net/artical/document/Knowledge/Furniture/ChooseSofa/base_02.png"" alt=""""></p>
<p>以高彈性橡皮帶交錯拉成網狀，不會產生異音，也無生鏽困擾。</p>

<h4>靠墊緩衝材</h4>
<p><strong>泡棉</strong></p>
<p><img src=""https://nitorimain.blob.core.windows.net/artical/document/Knowledge/Furniture/ChooseSofa/cushion_01.png"" alt=""""></p>
<p>底層為硬質泡棉，表層為軟質泡棉，使用最廣泛。</p>

<p><strong>螺旋彈簧</strong></p>
<p><img src=""https://nitorimain.blob.core.windows.net/artical/document/Knowledge/Furniture/ChooseSofa/cushion_02.png"" alt=""""></p>
<p>提供良好支撐感與穩定性，常見於床墊。</p>

<p><strong>獨立筒彈簧</strong></p>
<p><img src=""https://nitorimain.blob.core.windows.net/artical/document/Knowledge/Furniture/ChooseSofa/cushion_03.png"" alt=""""></p>
<p>每個彈簧獨立運作，點對點支撐身體，提供柔軟彈性。</p>

<h2>沙發款式一覽</h2>

<h4>標準型</h4>
<p><a href=""https://www.nitori-net.tw/category/136"" target=""_blank"">
<img src=""https://nitorimain.blob.core.windows.net/artical/document/Knowledge/Furniture/ChooseSofa/sofa_type_01.png"" alt=""""></a></p>
<p>180cm 以上為 3人沙發，亦有 1人、2人、2.5人沙發。</p>

<h4>L型沙發</h4>
<p><a href=""https://www.nitori-net.tw/category/138"" target=""_blank"">
<img src=""https://nitorimain.blob.core.windows.net/artical/document/Knowledge/Furniture/ChooseSofa/sofa_type_02.png"" alt=""""></a></p>
<p>可橫躺、休息用，有單邊扶手或躺椅型，放鬆好選擇。</p>

<h4>角落沙發</h4>
<p><img src=""https://nitorimain.blob.core.windows.net/artical/document/Knowledge/Furniture/ChooseSofa/sofa_type_04.png"" alt=""""></p>
<p>配置於角落，營造家庭交流氣氛，具存在感。</p>

<h4>矮沙發／地板沙發</h4>
<p><a href=""https://www.nitori-net.tw/category/139"" target=""_blank"">
<img src=""https://nitorimain.blob.core.windows.net/artical/document/Knowledge/Furniture/ChooseSofa/sofa_type_03.png"" alt=""""></a></p>
<p>可盤腿、伸腳，適合搭配和式／暖桌，無腳設計使空間更寬敞。</p>

<h4>沙發床</h4>
<p><a href=""https://www.nitori-net.tw/category/139"" target=""_blank"">
<img src=""https://nitorimain.blob.core.windows.net/artical/document/Knowledge/Furniture/ChooseSofa/sofa_type_05.png"" alt=""""></a></p>
<p>兼具沙發與床功能，適合小坪數空間或獨居者。</p>

<h4>可躺式沙發</h4>
<p><a href=""https://www.nitori-net.tw/category/137"" target=""_blank"">
<img src=""https://nitorimain.blob.core.windows.net/artical/document/Knowledge/Furniture/ChooseSofa/sofa_type_06.png"" alt=""""></a></p>
<p>椅背與腳部可後躺調整，電動款為主流，可遙控操作。</p>
",4,2024-04-22 06:31:18,2024-04-24 03:44:13,2024-04-26 16:09:36,1
1,雙人床尺寸大小怎麼看？各國規格總整理，床墊／床座挑選指南,"  <h1>雙人床尺寸大小怎麼看？</h1>
  <h2>各國規格總整理，床墊／床座挑選指南</h2>
  <p>雙人床尺寸規格怎麼看？臺規、日規、美規、歐規大小不一樣嗎？<br>
  在購買雙人床時，各種尺寸單位讓您看得頭昏眼花，不知道該如何挑選？<br>
  想要挑到一款尺寸大小合適的雙人床，那就讓宜得利帶您了解各國雙人床尺寸差異，並解析3大選購技巧，讓您睡得更舒適！</p>

  <img src=""https://nitorimain.blob.core.windows.net/article/document/Knowledge/Recommend/doublesizebed/topimg.png"" alt=""雙人床尺寸大小怎麼看？"">

  <h2>■ 雙人床大小怎麼看？各國丈量單位簡介</h2>
  <p>在選購雙人床時，有時我們會看見不同的尺寸單位，這是因為各國的慣用單位不同，因此測量尺寸時的標示方式也就不同。<br>
  若想更準確了解各國規格的雙人床大小差異，首先我們就要先知道各種單位該如何換算。</p>

  <h3>➀臺規雙人床尺寸單位</h3>
  <p>在臺灣，一般習慣以「台尺」來測量床，且多半以床的寬度來簡稱床的規格。<br>
  例來說：臺規標準雙人床尺寸為5台尺 x 6.2台尺，就會被簡稱為「5尺」。1台尺＝30.3公分。</p>

  <h3>②日規雙人床尺寸單位</h3>
  <p>日規雙人床以公分測量，多數品牌尺寸較窄但較長。選購時需依據實際需求挑選。</p>

  <h3>③歐規雙人床尺寸單位</h3>
  <p>歐規多使用公分，常見有三種標準尺寸。</p>

  <h3>④美規雙人床尺寸單位</h3>
  <p>美規使用英吋（1英吋＝2.54公分），但在臺灣較少見。</p>

  <h2>■ 各國規格雙人床尺寸總整理</h2>
  <table border=""1"" width=""100%"">
    <tr>
      <th></th>
      <th>臺規</th>
      <th>日規</th>
      <th>歐規</th>
      <th>美規</th>
    </tr>
    <tr>
      <td>標準雙人床</td>
      <td>152 x 188</td>
      <td>140 x 195</td>
      <td>140 x 200<br>150 x 190<br>150 x 200</td>
      <td>137 x 191</td>
    </tr>
    <tr>
      <td>加大雙人床（Queen size）</td>
      <td>182 x 188</td>
      <td>160 x 195</td>
      <td>180 x 200</td>
      <td>152 x 203</td>
    </tr>
    <tr>
      <td>特大雙人床（King size）</td>
      <td>182 x 212</td>
      <td>–</td>
      <td>–</td>
      <td>193 x 203</td>
    </tr>
  </table>

  <h2>■ 雙人床尺寸大小怎麼挑？3大選購原則解密</h2>
  <h3>1. 使用者的身形</h3>
  <p>考慮兩人躺下是否舒適，預留肩寬及腳長空間，選擇適合的床寬與長度。</p>

  <h3>2. 房間的空間大小</h3>
  <p>注意房間內家具距離及走道寬度，一般建議預留60～80公分。</p>

  <h3>3. 床架、床墊的配合</h3>
  <p>床架應略大於床墊，但不能過大以免影響舒適度。</p>

  <p>各國的雙人床尺寸規格皆不盡相同，選擇適合自己的大小，以及與其相對應的床架，才能讓你日日睡得舒適，進而提升整體生活品質。</p>




",4,2024-05-05 12:54:38,2024-05-08 15:54:19,2024-05-09 16:25:51,1
1,餐桌尺寸推薦選擇3要點！從形狀、高度、風格，布局溫馨用餐環境,"<h1>餐桌尺寸推薦選擇3要點！</h1>
<h2>從形狀、高度、風格，布局溫馨用餐環境</h2>
<p>
    餐桌尺寸要買多大？高度、形狀與材質風格又推薦怎麼選？一張合適的餐桌，不僅可供家人間溝通交流，更是親戚朋友來訪時歡聚的地方。
    選對舒適的餐桌，對於居家空間布局來說可是不可或缺的要點。
</p>
<p>
    想讓你家的餐桌兼具實用功能，又可塑造溫馨舒適的用餐環境，就跟著本文的選擇要點及人氣餐桌推薦，助你打造出既美觀又實用的空間！
</p>

<img src=""https://nitorimain.blob.core.windows.net/article/document/Knowledge/Recommend/diningtable/NCPIC.jpg"" alt=""餐桌尺寸推薦選擇3要點！"">

<h2>■ 餐桌尺寸、形狀、高度推薦怎麼選？3要點解析</h2>
<h3>➀ 根據人數、空間挑選尺寸</h3>
<p>首先要考量使用人數，再來是空間大小。以下為推薦尺寸參考：</p>

<table border=""1"">
    <thead>
        <tr>
            <th>人數</th>
            <th>方形餐桌</th>
            <th>圓形餐桌（直徑）</th>
        </tr>
    </thead>
    <tbody>
        <tr><td>2～4人</td><td>90～135</td><td>60～80</td></tr>
        <tr><td>4人</td><td>150～165</td><td>80～120</td></tr>
        <tr><td>6人</td><td>180～210</td><td>120～160</td></tr>
        <tr><td>8～10人</td><td>200～240</td><td>160以上</td></tr>
    </tbody>
</table>

<h3>② 依據使用者習慣選擇高度</h3>
<p>建議依照椅面高度與使用者身高選擇，高度差建議在 28～30 公分。公式為：<br>
餐桌高度 = 椅面高度 + 使用者 1/6 身高。
</p>

<h3>③ 依照空間設計決定形狀</h3>
<p>
圓形適合開放空間、柔和氛圍；方形百搭，亦可當工作檯使用，功能性高。
</p>

<h2>■ 常見餐桌推薦材質</h2>
<table border=""1"">
    <thead>
        <tr>
            <th></th>
            <th>實木</th>
            <th>陶板</th>
        </tr>
    </thead>
    <tbody>
        <tr>
            <td>特點</td>
            <td>堅硬、色調溫潤、具木紋</td>
            <td>耐熱、耐刮、易清潔</td>
        </tr>
        <tr>
            <td>適合風格</td>
            <td>日式和風、簡約風</td>
            <td>工業風、簡約風</td>
        </tr>
    </tbody>
</table>

<h2>■ 餐桌保養推薦3技巧</h2>
<h3>1. 放置位子要注意</h3>
<p>避免日照與空調直吹，以免木材變形。</p>
<h3>2. 搭配桌巾更安心</h3>
<p>使用桌巾可避免髒汙滲入木頭。</p>
<h3>3. 定期保養更耐用</h3>
<p>建議半年使用一次家具保養油或蠟。</p>

<p>餐桌尺寸的挑選相當重要，選對合適的尺寸、高度，搭配上喜歡的外型設計與材質，才能讓居家空間更符合你的理想，並打造出舒適、溫馨的用餐環境，為生活增添一分儀式感與質感！</p>



",5,2024-05-17 23:52:50,2024-05-21 13:59:36,2024-05-23 15:38:53,1